hour,weekday,hour_sin,hour_cos,weekday_sin,weekday_cos,is_morning_rush,is_evening_rush,is_rush_hour,is_weekend,delay_lag_1,delay_lag_2,delay_lag_3,station_mean_delay,station_std_delay,station_900003103,station_900003201,station_900023201,station_900024101,station_900024102,station_900024203,station_900048101,station_900052201,station_900053301,station_900230000,station_900230003,station_900230999,delay_minutes
-0.9010227538483506,-0.8191088961437065,1.1864706388981887,-0.7445355336487428,1.6309565032617477,-0.894285326343504,2.318527343812461,-0.54181663958941,1.2671153835972624,-0.9248656458077137,-0.06645032823901742,2.557514308083936,0.8364457100533709,-0.0930778312603324,-0.2834197647385285,-0.31556498768063956,-0.3246028476183254,-0.33216408742143677,-0.31942571418914595,-0.3105234989880792,-0.3540502037931149,-0.2960172245934662,-0.27480023113037977,-0.21064157526218236,-0.2037696308801029,-0.20754152741269505,-0.20345266157035635,5
